<?xml version="1.0" encoding="UTF-8"?>
<project-private xmlns="http://www.netbeans.org/ns/project-private/1">
    <editor-bookmarks xmlns="http://www.netbeans.org/ns/editor-bookmarks/2" lastBookmarkId="0"/>
    <open-files xmlns="http://www.netbeans.org/ns/projectui-open-files/2">
        <group>
            <file>file:/C:/Users/Ronak/Documents/NetBeansProjects/Week_9_Classes_Objects/src/week_9_classes_objects/Student.java</file>
            <file>file:/C:/Users/Ronak/Documents/NetBeansProjects/Week_9_Classes_Objects/src/week_9_classes_objects/TestStudent.java</file>
            <file>file:/C:/Users/Ronak/Documents/NetBeansProjects/Week_9_Classes_Objects/src/week_9_classes_objects/StaticExample.java</file>
            <file>file:/C:/Users/Ronak/Documents/NetBeansProjects/Week_9_Classes_Objects/src/week_9_classes_objects/TestStaticClas.java</file>
        </group>
    </open-files>
</project-private>
